,edge,time,point,edgeGeom,u,v,distance,ListGeom,MMfrom,MMto,trajectory,Bbox
0,564,['12:54:57'],"(447187.4047483715, 4424236.7397187045)","LINESTRING (447255.44451140857 4424279.4234476285, 447079.3286497285 4424275.63904551)",1359329158,299233486,176.15651686697237,"[(447255.44451140857, 4424279.4234476285), (447079.3286497285, 4424275.63904551)]","[447255.44451140857, 4424279.4234476285]","[447079.3286497285, 4424275.63904551]",[],39.9698783
1,564,['12:54:58'],"(447187.6256536394, 4424309.251915862)","LINESTRING (447255.44451140857 4424279.4234476285, 447079.3286497285 4424275.63904551)",1359329158,299233486,176.15651686697237,"[(447255.44451140857, 4424279.4234476285), (447079.3286497285, 4424275.63904551)]","[447255.44451140857, 4424279.4234476285]","[447079.3286497285, 4424275.63904551]",[],39.96596829999999
2,564,['12:58:58'],"(446678.16366188804, 4424266.371502755)","LINESTRING (447255.44451140857 4424279.4234476285, 447079.3286497285 4424275.63904551)",1359329158,299233486,176.15651686697237,"[(447255.44451140857, 4424279.4234476285), (447079.3286497285, 4424275.63904551)]","[447255.44451140857, 4424279.4234476285]","[447079.3286497285, 4424275.63904551]","[1359329158, 299233486]",116.3815983
3,89,['13:02:58'],"(446654.94575761515, 4424264.502835212)","LINESTRING (447079.3286497285 4424275.63904551, 446829.2826059477 4424270.265478312, 446788.6568356434 4424269.306008107, 446763.6031368403 4424268.715190661, 446731.74143350025 4424267.961168549, 446664.8915943419 4424266.3755173)",299233486,1359329140,414.54080612274515,"[(447079.3286497285, 4424275.63904551), (446829.2826059477, 4424270.265478312), (446788.6568356434, 4424269.306008107), (446763.6031368403, 4424268.715190661), (446731.74143350025, 4424267.961168549), (446664.8915943419, 4424266.3755173)]","[447079.3286497285, 4424275.63904551]","[446664.8915943419, 4424266.3755173]","[299233486, 1359329140]",116.3044216
4,90,['13:03:01'],"(446626.8992267139, 4424263.400644907)","LINESTRING (446664.8915943419 4424266.3755173, 446446.4207042592 4424261.204173782)",1359329140,1359329138,218.53208599040337,"[(446664.8915943419, 4424266.3755173), (446446.4207042592, 4424261.204173782)]","[446664.8915943419, 4424266.3755173]","[446446.4207042592, 4424261.204173782]",[],0.0
5,90,['13:03:04'],"(446593.8522976478, 4424260.491077555)","LINESTRING (446664.8915943419 4424266.3755173, 446446.4207042592 4424261.204173782)",1359329140,1359329138,218.53208599040337,"[(446664.8915943419, 4424266.3755173), (446446.4207042592, 4424261.204173782)]","[446664.8915943419, 4424266.3755173]","[446446.4207042592, 4424261.204173782]",[],0.0
6,90,['13:03:07'],"(446560.8164506706, 4424257.9478629)","LINESTRING (446664.8915943419 4424266.3755173, 446446.4207042592 4424261.204173782)",1359329140,1359329138,218.53208599040337,"[(446664.8915943419, 4424266.3755173), (446446.4207042592, 4424261.204173782)]","[446664.8915943419, 4424266.3755173]","[446446.4207042592, 4424261.204173782]",[],0.0
7,90,['13:03:10'],"(446526.78709427954, 4424257.442996333)","LINESTRING (446664.8915943419 4424266.3755173, 446446.4207042592 4424261.204173782)",1359329140,1359329138,218.53208599040337,"[(446664.8915943419, 4424266.3755173), (446446.4207042592, 4424261.204173782)]","[446664.8915943419, 4424266.3755173]","[446446.4207042592, 4424261.204173782]",[],0.0
8,90,['13:03:13'],"(446490.48420896597, 4424255.478002327)","LINESTRING (446664.8915943419 4424266.3755173, 446446.4207042592 4424261.204173782)",1359329140,1359329138,218.53208599040337,"[(446664.8915943419, 4424266.3755173), (446446.4207042592, 4424261.204173782)]","[446664.8915943419, 4424266.3755173]","[446446.4207042592, 4424261.204173782]",[],0.0
9,90,['13:03:16'],"(446454.3133060182, 4424254.067234436)","LINESTRING (446664.8915943419 4424266.3755173, 446446.4207042592 4424261.204173782)",1359329140,1359329138,218.53208599040337,"[(446664.8915943419, 4424266.3755173), (446446.4207042592, 4424261.204173782)]","[446664.8915943419, 4424266.3755173]","[446446.4207042592, 4424261.204173782]",[],0.0
10,90,['13:03:19'],"(446415.87202023907, 4424252.861302322)","LINESTRING (446664.8915943419 4424266.3755173, 446446.4207042592 4424261.204173782)",1359329140,1359329138,218.53208599040337,"[(446664.8915943419, 4424266.3755173), (446446.4207042592, 4424261.204173782)]","[446664.8915943419, 4424266.3755173]","[446446.4207042592, 4424261.204173782]","[1359329140, 1359329138]",0.0
11,561,['13:03:22'],"(446376.0031766502, 4424251.476919802)","LINESTRING (446446.4207042592 4424261.204173782, 446149.71106228227 4424256.369799822)",1359329138,1359329121,296.7490232733061,"[(446446.4207042592, 4424261.204173782), (446149.71106228227, 4424256.369799822)]","[446446.4207042592, 4424261.204173782]","[446149.71106228227, 4424256.369799822]",[],0.0
12,561,['13:03:25'],"(446333.29558736016, 4424250.845320421)","LINESTRING (446446.4207042592 4424261.204173782, 446149.71106228227 4424256.369799822)",1359329138,1359329121,296.7490232733061,"[(446446.4207042592, 4424261.204173782), (446149.71106228227, 4424256.369799822)]","[446446.4207042592, 4424261.204173782]","[446149.71106228227, 4424256.369799822]",[],0.0
13,561,['13:03:28'],"(446287.7480895503, 4424250.800065893)","LINESTRING (446446.4207042592 4424261.204173782, 446149.71106228227 4424256.369799822)",1359329138,1359329121,296.7490232733061,"[(446446.4207042592, 4424261.204173782), (446149.71106228227, 4424256.369799822)]","[446446.4207042592, 4424261.204173782]","[446149.71106228227, 4424256.369799822]",[],0.0
14,561,['13:03:31'],"(446239.92818469484, 4424251.881083962)","LINESTRING (446446.4207042592 4424261.204173782, 446149.71106228227 4424256.369799822)",1359329138,1359329121,296.7490232733061,"[(446446.4207042592, 4424261.204173782), (446149.71106228227, 4424256.369799822)]","[446446.4207042592, 4424261.204173782]","[446149.71106228227, 4424256.369799822]",[],0.0
15,561,['13:03:34'],"(446190.8141640877, 4424251.117905671)","LINESTRING (446446.4207042592 4424261.204173782, 446149.71106228227 4424256.369799822)",1359329138,1359329121,296.7490232733061,"[(446446.4207042592, 4424261.204173782), (446149.71106228227, 4424256.369799822)]","[446446.4207042592, 4424261.204173782]","[446149.71106228227, 4424256.369799822]",[],0.0
16,561,['13:03:37'],"(446143.1197511527, 4424249.412637591)","LINESTRING (446446.4207042592 4424261.204173782, 446149.71106228227 4424256.369799822)",1359329138,1359329121,296.7490232733061,"[(446446.4207042592, 4424261.204173782), (446149.71106228227, 4424256.369799822)]","[446446.4207042592, 4424261.204173782]","[446149.71106228227, 4424256.369799822]","[1359329138, 1359329121]",0.0
17,127,['13:03:40'],"(446098.8329346667, 4424247.69465411)","LINESTRING (446149.71106228227 4424256.369799822, 446035.5293435929 4424253.670371863)",1359329121,35867598,114.21362350510746,"[(446149.71106228227, 4424256.369799822), (446035.5293435929, 4424253.670371863)]","[446149.71106228227, 4424256.369799822]","[446035.5293435929, 4424253.670371863]",[],0.0
18,127,['13:03:43'],"(446058.6860808306, 4424246.868879626)","LINESTRING (446149.71106228227 4424256.369799822, 446035.5293435929 4424253.670371863)",1359329121,35867598,114.21362350510746,"[(446149.71106228227, 4424256.369799822), (446035.5293435929, 4424253.670371863)]","[446149.71106228227, 4424256.369799822]","[446035.5293435929, 4424253.670371863]",[],0.0
19,127,['13:03:46'],"(446021.5243570937, 4424245.46718087)","LINESTRING (446149.71106228227 4424256.369799822, 446035.5293435929 4424253.670371863)",1359329121,35867598,114.21362350510746,"[(446149.71106228227, 4424256.369799822), (446035.5293435929, 4424253.670371863)]","[446149.71106228227, 4424256.369799822]","[446035.5293435929, 4424253.670371863]","[1359329121, 35867598]",0.0
20,22,['13:03:49'],"(445982.09351626085, 4424244.448042039)","LINESTRING (446035.5293435929 4424253.670371863, 445973.4376769478 4424249.881547192, 445391.89760119206 4424230.985483566, 445275.9275586735 4424230.33038609, 445245.58121248963 4424230.148869696, 444981.7230062673 4424228.653574243)",35867598,1359329061,1054.2353719732046,"[(446035.5293435929, 4424253.670371863), (445973.4376769478, 4424249.881547192), (445391.89760119206, 4424230.985483566), (445275.9275586735, 4424230.33038609), (445245.58121248963, 4424230.148869696), (444981.7230062673, 4424228.653574243)]","[446035.5293435929, 4424253.670371863]","[444981.7230062673, 4424228.653574243]",[],0.0
21,22,['13:03:52'],"(445941.52095023886, 4424243.814597194)","LINESTRING (446035.5293435929 4424253.670371863, 445973.4376769478 4424249.881547192, 445391.89760119206 4424230.985483566, 445275.9275586735 4424230.33038609, 445245.58121248963 4424230.148869696, 444981.7230062673 4424228.653574243)",35867598,1359329061,1054.2353719732046,"[(446035.5293435929, 4424253.670371863), (445973.4376769478, 4424249.881547192), (445391.89760119206, 4424230.985483566), (445275.9275586735, 4424230.33038609), (445245.58121248963, 4424230.148869696), (444981.7230062673, 4424228.653574243)]","[446035.5293435929, 4424253.670371863]","[444981.7230062673, 4424228.653574243]",[],0.0
22,22,['13:03:55'],"(445899.51033294934, 4424241.526635911)","LINESTRING (446035.5293435929 4424253.670371863, 445973.4376769478 4424249.881547192, 445391.89760119206 4424230.985483566, 445275.9275586735 4424230.33038609, 445245.58121248963 4424230.148869696, 444981.7230062673 4424228.653574243)",35867598,1359329061,1054.2353719732046,"[(446035.5293435929, 4424253.670371863), (445973.4376769478, 4424249.881547192), (445391.89760119206, 4424230.985483566), (445275.9275586735, 4424230.33038609), (445245.58121248963, 4424230.148869696), (444981.7230062673, 4424228.653574243)]","[446035.5293435929, 4424253.670371863]","[444981.7230062673, 4424228.653574243]",[],0.0
23,22,['13:03:58'],"(445856.6607522423, 4424240.16613907)","LINESTRING (446035.5293435929 4424253.670371863, 445973.4376769478 4424249.881547192, 445391.89760119206 4424230.985483566, 445275.9275586735 4424230.33038609, 445245.58121248963 4424230.148869696, 444981.7230062673 4424228.653574243)",35867598,1359329061,1054.2353719732046,"[(446035.5293435929, 4424253.670371863), (445973.4376769478, 4424249.881547192), (445391.89760119206, 4424230.985483566), (445275.9275586735, 4424230.33038609), (445245.58121248963, 4424230.148869696), (444981.7230062673, 4424228.653574243)]","[446035.5293435929, 4424253.670371863]","[444981.7230062673, 4424228.653574243]",[],0.0
24,22,['13:04:01'],"(445813.23696998804, 4424239.731237674)","LINESTRING (446035.5293435929 4424253.670371863, 445973.4376769478 4424249.881547192, 445391.89760119206 4424230.985483566, 445275.9275586735 4424230.33038609, 445245.58121248963 4424230.148869696, 444981.7230062673 4424228.653574243)",35867598,1359329061,1054.2353719732046,"[(446035.5293435929, 4424253.670371863), (445973.4376769478, 4424249.881547192), (445391.89760119206, 4424230.985483566), (445275.9275586735, 4424230.33038609), (445245.58121248963, 4424230.148869696), (444981.7230062673, 4424228.653574243)]","[446035.5293435929, 4424253.670371863]","[444981.7230062673, 4424228.653574243]",[],0.0
25,22,['13:04:04'],"(445773.23520115955, 4424238.905934077)","LINESTRING (446035.5293435929 4424253.670371863, 445973.4376769478 4424249.881547192, 445391.89760119206 4424230.985483566, 445275.9275586735 4424230.33038609, 445245.58121248963 4424230.148869696, 444981.7230062673 4424228.653574243)",35867598,1359329061,1054.2353719732046,"[(446035.5293435929, 4424253.670371863), (445973.4376769478, 4424249.881547192), (445391.89760119206, 4424230.985483566), (445275.9275586735, 4424230.33038609), (445245.58121248963, 4424230.148869696), (444981.7230062673, 4424228.653574243)]","[446035.5293435929, 4424253.670371863]","[444981.7230062673, 4424228.653574243]",[],0.0
26,22,['13:04:07'],"(445733.51920101716, 4424238.633786614)","LINESTRING (446035.5293435929 4424253.670371863, 445973.4376769478 4424249.881547192, 445391.89760119206 4424230.985483566, 445275.9275586735 4424230.33038609, 445245.58121248963 4424230.148869696, 444981.7230062673 4424228.653574243)",35867598,1359329061,1054.2353719732046,"[(446035.5293435929, 4424253.670371863), (445973.4376769478, 4424249.881547192), (445391.89760119206, 4424230.985483566), (445275.9275586735, 4424230.33038609), (445245.58121248963, 4424230.148869696), (444981.7230062673, 4424228.653574243)]","[446035.5293435929, 4424253.670371863]","[444981.7230062673, 4424228.653574243]",[],0.0
27,22,['13:04:10'],"(445691.0998992442, 4424238.936101273)","LINESTRING (446035.5293435929 4424253.670371863, 445973.4376769478 4424249.881547192, 445391.89760119206 4424230.985483566, 445275.9275586735 4424230.33038609, 445245.58121248963 4424230.148869696, 444981.7230062673 4424228.653574243)",35867598,1359329061,1054.2353719732046,"[(446035.5293435929, 4424253.670371863), (445973.4376769478, 4424249.881547192), (445391.89760119206, 4424230.985483566), (445275.9275586735, 4424230.33038609), (445245.58121248963, 4424230.148869696), (444981.7230062673, 4424228.653574243)]","[446035.5293435929, 4424253.670371863]","[444981.7230062673, 4424228.653574243]",[],0.0
28,22,['13:04:13'],"(445645.83408793696, 4424238.892674787)","LINESTRING (446035.5293435929 4424253.670371863, 445973.4376769478 4424249.881547192, 445391.89760119206 4424230.985483566, 445275.9275586735 4424230.33038609, 445245.58121248963 4424230.148869696, 444981.7230062673 4424228.653574243)",35867598,1359329061,1054.2353719732046,"[(446035.5293435929, 4424253.670371863), (445973.4376769478, 4424249.881547192), (445391.89760119206, 4424230.985483566), (445275.9275586735, 4424230.33038609), (445245.58121248963, 4424230.148869696), (444981.7230062673, 4424228.653574243)]","[446035.5293435929, 4424253.670371863]","[444981.7230062673, 4424228.653574243]",[],0.0
29,22,['13:04:16'],"(445597.29340105486, 4424238.317923158)","LINESTRING (446035.5293435929 4424253.670371863, 445973.4376769478 4424249.881547192, 445391.89760119206 4424230.985483566, 445275.9275586735 4424230.33038609, 445245.58121248963 4424230.148869696, 444981.7230062673 4424228.653574243)",35867598,1359329061,1054.2353719732046,"[(446035.5293435929, 4424253.670371863), (445973.4376769478, 4424249.881547192), (445391.89760119206, 4424230.985483566), (445275.9275586735, 4424230.33038609), (445245.58121248963, 4424230.148869696), (444981.7230062673, 4424228.653574243)]","[446035.5293435929, 4424253.670371863]","[444981.7230062673, 4424228.653574243]",[],0.0
30,22,['13:04:19'],"(445544.74584782065, 4424235.174806667)","LINESTRING (446035.5293435929 4424253.670371863, 445973.4376769478 4424249.881547192, 445391.89760119206 4424230.985483566, 445275.9275586735 4424230.33038609, 445245.58121248963 4424230.148869696, 444981.7230062673 4424228.653574243)",35867598,1359329061,1054.2353719732046,"[(446035.5293435929, 4424253.670371863), (445973.4376769478, 4424249.881547192), (445391.89760119206, 4424230.985483566), (445275.9275586735, 4424230.33038609), (445245.58121248963, 4424230.148869696), (444981.7230062673, 4424228.653574243)]","[446035.5293435929, 4424253.670371863]","[444981.7230062673, 4424228.653574243]",[],0.0
31,22,['13:04:22'],"(445369.01531289716, 4424224.778464057)","LINESTRING (446035.5293435929 4424253.670371863, 445973.4376769478 4424249.881547192, 445391.89760119206 4424230.985483566, 445275.9275586735 4424230.33038609, 445245.58121248963 4424230.148869696, 444981.7230062673 4424228.653574243)",35867598,1359329061,1054.2353719732046,"[(446035.5293435929, 4424253.670371863), (445973.4376769478, 4424249.881547192), (445391.89760119206, 4424230.985483566), (445275.9275586735, 4424230.33038609), (445245.58121248963, 4424230.148869696), (444981.7230062673, 4424228.653574243)]","[446035.5293435929, 4424253.670371863]","[444981.7230062673, 4424228.653574243]",[],0.0
32,22,['13:04:32'],"(445319.75895162043, 4424223.278240744)","LINESTRING (446035.5293435929 4424253.670371863, 445973.4376769478 4424249.881547192, 445391.89760119206 4424230.985483566, 445275.9275586735 4424230.33038609, 445245.58121248963 4424230.148869696, 444981.7230062673 4424228.653574243)",35867598,1359329061,1054.2353719732046,"[(446035.5293435929, 4424253.670371863), (445973.4376769478, 4424249.881547192), (445391.89760119206, 4424230.985483566), (445275.9275586735, 4424230.33038609), (445245.58121248963, 4424230.148869696), (444981.7230062673, 4424228.653574243)]","[446035.5293435929, 4424253.670371863]","[444981.7230062673, 4424228.653574243]",[],0.0
33,22,['13:04:35'],"(445269.354974645, 4424222.530257759)","LINESTRING (446035.5293435929 4424253.670371863, 445973.4376769478 4424249.881547192, 445391.89760119206 4424230.985483566, 445275.9275586735 4424230.33038609, 445245.58121248963 4424230.148869696, 444981.7230062673 4424228.653574243)",35867598,1359329061,1054.2353719732046,"[(446035.5293435929, 4424253.670371863), (445973.4376769478, 4424249.881547192), (445391.89760119206, 4424230.985483566), (445275.9275586735, 4424230.33038609), (445245.58121248963, 4424230.148869696), (444981.7230062673, 4424228.653574243)]","[446035.5293435929, 4424253.670371863]","[444981.7230062673, 4424228.653574243]",[],0.0
34,22,['13:04:38'],"(445217.11482808355, 4424221.795813182)","LINESTRING (446035.5293435929 4424253.670371863, 445973.4376769478 4424249.881547192, 445391.89760119206 4424230.985483566, 445275.9275586735 4424230.33038609, 445245.58121248963 4424230.148869696, 444981.7230062673 4424228.653574243)",35867598,1359329061,1054.2353719732046,"[(446035.5293435929, 4424253.670371863), (445973.4376769478, 4424249.881547192), (445391.89760119206, 4424230.985483566), (445275.9275586735, 4424230.33038609), (445245.58121248963, 4424230.148869696), (444981.7230062673, 4424228.653574243)]","[446035.5293435929, 4424253.670371863]","[444981.7230062673, 4424228.653574243]",[],0.0
35,22,['13:04:41'],"(445042.48807815765, 4424226.01730192)","LINESTRING (446035.5293435929 4424253.670371863, 445973.4376769478 4424249.881547192, 445391.89760119206 4424230.985483566, 445275.9275586735 4424230.33038609, 445245.58121248963 4424230.148869696, 444981.7230062673 4424228.653574243)",35867598,1359329061,1054.2353719732046,"[(446035.5293435929, 4424253.670371863), (445973.4376769478, 4424249.881547192), (445391.89760119206, 4424230.985483566), (445275.9275586735, 4424230.33038609), (445245.58121248963, 4424230.148869696), (444981.7230062673, 4424228.653574243)]","[446035.5293435929, 4424253.670371863]","[444981.7230062673, 4424228.653574243]",[],0.0
36,22,['13:04:51'],"(444992.6682791298, 4424226.931883666)","LINESTRING (446035.5293435929 4424253.670371863, 445973.4376769478 4424249.881547192, 445391.89760119206 4424230.985483566, 445275.9275586735 4424230.33038609, 445245.58121248963 4424230.148869696, 444981.7230062673 4424228.653574243)",35867598,1359329061,1054.2353719732046,"[(446035.5293435929, 4424253.670371863), (445973.4376769478, 4424249.881547192), (445391.89760119206, 4424230.985483566), (445275.9275586735, 4424230.33038609), (445245.58121248963, 4424230.148869696), (444981.7230062673, 4424228.653574243)]","[446035.5293435929, 4424253.670371863]","[444981.7230062673, 4424228.653574243]",[],0.0
37,22,['13:04:54'],"(444942.3000287925, 4424228.772027432)","LINESTRING (446035.5293435929 4424253.670371863, 445973.4376769478 4424249.881547192, 445391.89760119206 4424230.985483566, 445275.9275586735 4424230.33038609, 445245.58121248963 4424230.148869696, 444981.7230062673 4424228.653574243)",35867598,1359329061,1054.2353719732046,"[(446035.5293435929, 4424253.670371863), (445973.4376769478, 4424249.881547192), (445391.89760119206, 4424230.985483566), (445275.9275586735, 4424230.33038609), (445245.58121248963, 4424230.148869696), (444981.7230062673, 4424228.653574243)]","[446035.5293435929, 4424253.670371863]","[444981.7230062673, 4424228.653574243]","[35867598, 1359329061]",0.0
38,24,['13:04:57'],"(444892.6320969973, 4424230.6074382)","LINESTRING (444981.7230062673 4424228.653574243, 444815.3264170975 4424227.714989244)",1359329061,1226548248,166.39923626370634,"[(444981.7230062673, 4424228.653574243), (444815.3264170975, 4424227.714989244)]","[444981.7230062673, 4424228.653574243]","[444815.3264170975, 4424227.714989244]",[],0.0
39,24,['13:05:00'],"(444844.235897472, 4424231.146403728)","LINESTRING (444981.7230062673 4424228.653574243, 444815.3264170975 4424227.714989244)",1359329061,1226548248,166.39923626370634,"[(444981.7230062673, 4424228.653574243), (444815.3264170975, 4424227.714989244)]","[444981.7230062673, 4424228.653574243]","[444815.3264170975, 4424227.714989244]",[],0.0
40,24,['13:05:03'],"(444793.836389117, 4424229.8465511305)","LINESTRING (444981.7230062673 4424228.653574243, 444815.3264170975 4424227.714989244)",1359329061,1226548248,166.39923626370634,"[(444981.7230062673, 4424228.653574243), (444815.3264170975, 4424227.714989244)]","[444981.7230062673, 4424228.653574243]","[444815.3264170975, 4424227.714989244]","[1359329061, 1226548248]",0.0
41,377,['13:05:06'],"(444743.44225204166, 4424229.290670344)","LINESTRING (444815.3264170975 4424227.714989244, 444411.5338018631 4424231.67215503, 444213.14511880855 4424232.134619928, 443944.4752449589 4424231.498562899)",1226548248,35868032,870.8718537118971,"[(444815.3264170975, 4424227.714989244), (444411.5338018631, 4424231.67215503), (444213.14511880855, 4424232.134619928), (443944.4752449589, 4424231.498562899)]","[444815.3264170975, 4424227.714989244]","[443944.4752449589, 4424231.498562899]",[],0.0
42,377,['13:05:09'],"(444691.34537080384, 4424229.480063979)","LINESTRING (444815.3264170975 4424227.714989244, 444411.5338018631 4424231.67215503, 444213.14511880855 4424232.134619928, 443944.4752449589 4424231.498562899)",1226548248,35868032,870.8718537118971,"[(444815.3264170975, 4424227.714989244), (444411.5338018631, 4424231.67215503), (444213.14511880855, 4424232.134619928), (443944.4752449589, 4424231.498562899)]","[444815.3264170975, 4424227.714989244]","[443944.4752449589, 4424231.498562899]",[],0.0
43,377,['13:05:12'],"(444508.306270344, 4424231.366261072)","LINESTRING (444815.3264170975 4424227.714989244, 444411.5338018631 4424231.67215503, 444213.14511880855 4424232.134619928, 443944.4752449589 4424231.498562899)",1226548248,35868032,870.8718537118971,"[(444815.3264170975, 4424227.714989244), (444411.5338018631, 4424231.67215503), (444213.14511880855, 4424232.134619928), (443944.4752449589, 4424231.498562899)]","[444815.3264170975, 4424227.714989244]","[443944.4752449589, 4424231.498562899]",[],0.0
44,377,['13:05:22'],"(444330.22992450214, 4424231.000651182)","LINESTRING (444815.3264170975 4424227.714989244, 444411.5338018631 4424231.67215503, 444213.14511880855 4424232.134619928, 443944.4752449589 4424231.498562899)",1226548248,35868032,870.8718537118971,"[(444815.3264170975, 4424227.714989244), (444411.5338018631, 4424231.67215503), (444213.14511880855, 4424232.134619928), (443944.4752449589, 4424231.498562899)]","[444815.3264170975, 4424227.714989244]","[443944.4752449589, 4424231.498562899]",[],0.0
45,377,['13:05:32'],"(444152.722596479, 4424231.378710125)","LINESTRING (444815.3264170975 4424227.714989244, 444411.5338018631 4424231.67215503, 444213.14511880855 4424232.134619928, 443944.4752449589 4424231.498562899)",1226548248,35868032,870.8718537118971,"[(444815.3264170975, 4424227.714989244), (444411.5338018631, 4424231.67215503), (444213.14511880855, 4424232.134619928), (443944.4752449589, 4424231.498562899)]","[444815.3264170975, 4424227.714989244]","[443944.4752449589, 4424231.498562899]",[],0.0
46,377,['13:05:42'],"(443969.9656504756, 4424232.165806602)","LINESTRING (444815.3264170975 4424227.714989244, 444411.5338018631 4424231.67215503, 444213.14511880855 4424232.134619928, 443944.4752449589 4424231.498562899)",1226548248,35868032,870.8718537118971,"[(444815.3264170975, 4424227.714989244), (444411.5338018631, 4424231.67215503), (444213.14511880855, 4424232.134619928), (443944.4752449589, 4424231.498562899)]","[444815.3264170975, 4424227.714989244]","[443944.4752449589, 4424231.498562899]",[],0.0
47,377,['13:05:52'],"(443806.4116029667, 4424232.260619211)","LINESTRING (444815.3264170975 4424227.714989244, 444411.5338018631 4424231.67215503, 444213.14511880855 4424232.134619928, 443944.4752449589 4424231.498562899)",1226548248,35868032,870.8718537118971,"[(444815.3264170975, 4424227.714989244), (444411.5338018631, 4424231.67215503), (444213.14511880855, 4424232.134619928), (443944.4752449589, 4424231.498562899)]","[444815.3264170975, 4424227.714989244]","[443944.4752449589, 4424231.498562899]","[1226548248, 35868032]",0.0
48,25,['13:06:02'],"(443760.57056200906, 4424231.855246877)","LINESTRING (443944.4752449589 4424231.498562899, 443887.7283970741 4424231.183787424, 443829.1451362414 4424230.849676958)",35868032,1765144966,115.33193447965675,"[(443944.4752449589, 4424231.498562899), (443887.7283970741, 4424231.183787424), (443829.1451362414, 4424230.849676958)]","[443944.4752449589, 4424231.498562899]","[443829.1451362414, 4424230.849676958]","[35868032, 1765144966]",0.0
49,27,['13:06:05'],"(443714.16010240855, 4424231.831747319)","LINESTRING (443829.1451362414 4424230.849676958, 443572.0330294725 4424229.408954068, 443507.5905837661 4424229.054123106, 443388.43391380284 4424228.39588788, 442707.6862620568 4424231.942664461, 442379.17625523056 4424221.99995018, 442288.90211035666 4424217.732868178)",1765144966,35868040,1540.5103179791502,"[(443829.1451362414, 4424230.849676958), (443572.0330294725, 4424229.408954068), (443507.5905837661, 4424229.054123106), (443388.43391380284, 4424228.39588788), (442707.6862620568, 4424231.942664461), (442379.17625523056, 4424221.99995018), (442288.90211035666, 4424217.732868178)]","[443829.1451362414, 4424230.849676958]","[442288.90211035666, 4424217.732868178]",[],0.0
50,27,['13:06:08'],"(443665.7724018604, 4424232.378137536)","LINESTRING (443829.1451362414 4424230.849676958, 443572.0330294725 4424229.408954068, 443507.5905837661 4424229.054123106, 443388.43391380284 4424228.39588788, 442707.6862620568 4424231.942664461, 442379.17625523056 4424221.99995018, 442288.90211035666 4424217.732868178)",1765144966,35868040,1540.5103179791502,"[(443829.1451362414, 4424230.849676958), (443572.0330294725, 4424229.408954068), (443507.5905837661, 4424229.054123106), (443388.43391380284, 4424228.39588788), (442707.6862620568, 4424231.942664461), (442379.17625523056, 4424221.99995018), (442288.90211035666, 4424217.732868178)]","[443829.1451362414, 4424230.849676958]","[442288.90211035666, 4424217.732868178]",[],0.0
51,27,['13:06:11'],"(443615.8105021884, 4424232.559097617)","LINESTRING (443829.1451362414 4424230.849676958, 443572.0330294725 4424229.408954068, 443507.5905837661 4424229.054123106, 443388.43391380284 4424228.39588788, 442707.6862620568 4424231.942664461, 442379.17625523056 4424221.99995018, 442288.90211035666 4424217.732868178)",1765144966,35868040,1540.5103179791502,"[(443829.1451362414, 4424230.849676958), (443572.0330294725, 4424229.408954068), (443507.5905837661, 4424229.054123106), (443388.43391380284, 4424228.39588788), (442707.6862620568, 4424231.942664461), (442379.17625523056, 4424221.99995018), (442288.90211035666, 4424217.732868178)]","[443829.1451362414, 4424230.849676958]","[442288.90211035666, 4424217.732868178]",[],0.0
52,27,['13:06:14'],"(443563.84606715234, 4424232.20023671)","LINESTRING (443829.1451362414 4424230.849676958, 443572.0330294725 4424229.408954068, 443507.5905837661 4424229.054123106, 443388.43391380284 4424228.39588788, 442707.6862620568 4424231.942664461, 442379.17625523056 4424221.99995018, 442288.90211035666 4424217.732868178)",1765144966,35868040,1540.5103179791502,"[(443829.1451362414, 4424230.849676958), (443572.0330294725, 4424229.408954068), (443507.5905837661, 4424229.054123106), (443388.43391380284, 4424228.39588788), (442707.6862620568, 4424231.942664461), (442379.17625523056, 4424221.99995018), (442288.90211035666, 4424217.732868178)]","[443829.1451362414, 4424230.849676958]","[442288.90211035666, 4424217.732868178]",[],0.0
53,27,['13:06:17'],"(443413.6579666555, 4424229.9845260745)","LINESTRING (443829.1451362414 4424230.849676958, 443572.0330294725 4424229.408954068, 443507.5905837661 4424229.054123106, 443388.43391380284 4424228.39588788, 442707.6862620568 4424231.942664461, 442379.17625523056 4424221.99995018, 442288.90211035666 4424217.732868178)",1765144966,35868040,1540.5103179791502,"[(443829.1451362414, 4424230.849676958), (443572.0330294725, 4424229.408954068), (443507.5905837661, 4424229.054123106), (443388.43391380284, 4424228.39588788), (442707.6862620568, 4424231.942664461), (442379.17625523056, 4424221.99995018), (442288.90211035666, 4424217.732868178)]","[443829.1451362414, 4424230.849676958]","[442288.90211035666, 4424217.732868178]",[],0.0
54,27,['13:06:27'],"(443368.1141490033, 4424230.511681525)","LINESTRING (443829.1451362414 4424230.849676958, 443572.0330294725 4424229.408954068, 443507.5905837661 4424229.054123106, 443388.43391380284 4424228.39588788, 442707.6862620568 4424231.942664461, 442379.17625523056 4424221.99995018, 442288.90211035666 4424217.732868178)",1765144966,35868040,1540.5103179791502,"[(443829.1451362414, 4424230.849676958), (443572.0330294725, 4424229.408954068), (443507.5905837661, 4424229.054123106), (443388.43391380284, 4424228.39588788), (442707.6862620568, 4424231.942664461), (442379.17625523056, 4424221.99995018), (442288.90211035666, 4424217.732868178)]","[443829.1451362414, 4424230.849676958]","[442288.90211035666, 4424217.732868178]",[],0.0
55,27,['13:06:30'],"(443320.5663780868, 4424230.310339892)","LINESTRING (443829.1451362414 4424230.849676958, 443572.0330294725 4424229.408954068, 443507.5905837661 4424229.054123106, 443388.43391380284 4424228.39588788, 442707.6862620568 4424231.942664461, 442379.17625523056 4424221.99995018, 442288.90211035666 4424217.732868178)",1765144966,35868040,1540.5103179791502,"[(443829.1451362414, 4424230.849676958), (443572.0330294725, 4424229.408954068), (443507.5905837661, 4424229.054123106), (443388.43391380284, 4424228.39588788), (442707.6862620568, 4424231.942664461), (442379.17625523056, 4424221.99995018), (442288.90211035666, 4424217.732868178)]","[443829.1451362414, 4424230.849676958]","[442288.90211035666, 4424217.732868178]",[],0.0
56,27,['13:06:33'],"(443270.59757164045, 4424229.5723395655)","LINESTRING (443829.1451362414 4424230.849676958, 443572.0330294725 4424229.408954068, 443507.5905837661 4424229.054123106, 443388.43391380284 4424228.39588788, 442707.6862620568 4424231.942664461, 442379.17625523056 4424221.99995018, 442288.90211035666 4424217.732868178)",1765144966,35868040,1540.5103179791502,"[(443829.1451362414, 4424230.849676958), (443572.0330294725, 4424229.408954068), (443507.5905837661, 4424229.054123106), (443388.43391380284, 4424228.39588788), (442707.6862620568, 4424231.942664461), (442379.17625523056, 4424221.99995018), (442288.90211035666, 4424217.732868178)]","[443829.1451362414, 4424230.849676958]","[442288.90211035666, 4424217.732868178]",[],0.0
57,27,['13:06:36'],"(443218.91928988893, 4424228.658714204)","LINESTRING (443829.1451362414 4424230.849676958, 443572.0330294725 4424229.408954068, 443507.5905837661 4424229.054123106, 443388.43391380284 4424228.39588788, 442707.6862620568 4424231.942664461, 442379.17625523056 4424221.99995018, 442288.90211035666 4424217.732868178)",1765144966,35868040,1540.5103179791502,"[(443829.1451362414, 4424230.849676958), (443572.0330294725, 4424229.408954068), (443507.5905837661, 4424229.054123106), (443388.43391380284, 4424228.39588788), (442707.6862620568, 4424231.942664461), (442379.17625523056, 4424221.99995018), (442288.90211035666, 4424217.732868178)]","[443829.1451362414, 4424230.849676958]","[442288.90211035666, 4424217.732868178]",[],0.0
58,27,['13:06:39'],"(443167.9597796499, 4424227.92877154)","LINESTRING (443829.1451362414 4424230.849676958, 443572.0330294725 4424229.408954068, 443507.5905837661 4424229.054123106, 443388.43391380284 4424228.39588788, 442707.6862620568 4424231.942664461, 442379.17625523056 4424221.99995018, 442288.90211035666 4424217.732868178)",1765144966,35868040,1540.5103179791502,"[(443829.1451362414, 4424230.849676958), (443572.0330294725, 4424229.408954068), (443507.5905837661, 4424229.054123106), (443388.43391380284, 4424228.39588788), (442707.6862620568, 4424231.942664461), (442379.17625523056, 4424221.99995018), (442288.90211035666, 4424217.732868178)]","[443829.1451362414, 4424230.849676958]","[442288.90211035666, 4424217.732868178]",[],0.0
59,27,['13:06:42'],"(442991.7454536676, 4424229.989189455)","LINESTRING (443829.1451362414 4424230.849676958, 443572.0330294725 4424229.408954068, 443507.5905837661 4424229.054123106, 443388.43391380284 4424228.39588788, 442707.6862620568 4424231.942664461, 442379.17625523056 4424221.99995018, 442288.90211035666 4424217.732868178)",1765144966,35868040,1540.5103179791502,"[(443829.1451362414, 4424230.849676958), (443572.0330294725, 4424229.408954068), (443507.5905837661, 4424229.054123106), (443388.43391380284, 4424228.39588788), (442707.6862620568, 4424231.942664461), (442379.17625523056, 4424221.99995018), (442288.90211035666, 4424217.732868178)]","[443829.1451362414, 4424230.849676958]","[442288.90211035666, 4424217.732868178]",[],0.0
60,27,['13:06:52'],"(442941.7862181669, 4424230.540840191)","LINESTRING (443829.1451362414 4424230.849676958, 443572.0330294725 4424229.408954068, 443507.5905837661 4424229.054123106, 443388.43391380284 4424228.39588788, 442707.6862620568 4424231.942664461, 442379.17625523056 4424221.99995018, 442288.90211035666 4424217.732868178)",1765144966,35868040,1540.5103179791502,"[(443829.1451362414, 4424230.849676958), (443572.0330294725, 4424229.408954068), (443507.5905837661, 4424229.054123106), (443388.43391380284, 4424228.39588788), (442707.6862620568, 4424231.942664461), (442379.17625523056, 4424221.99995018), (442288.90211035666, 4424217.732868178)]","[443829.1451362414, 4424230.849676958]","[442288.90211035666, 4424217.732868178]",[],0.0
61,27,['13:06:55'],"(442893.9607195004, 4424230.899226787)","LINESTRING (443829.1451362414 4424230.849676958, 443572.0330294725 4424229.408954068, 443507.5905837661 4424229.054123106, 443388.43391380284 4424228.39588788, 442707.6862620568 4424231.942664461, 442379.17625523056 4424221.99995018, 442288.90211035666 4424217.732868178)",1765144966,35868040,1540.5103179791502,"[(443829.1451362414, 4424230.849676958), (443572.0330294725, 4424229.408954068), (443507.5905837661, 4424229.054123106), (443388.43391380284, 4424228.39588788), (442707.6862620568, 4424231.942664461), (442379.17625523056, 4424221.99995018), (442288.90211035666, 4424217.732868178)]","[443829.1451362414, 4424230.849676958]","[442288.90211035666, 4424217.732868178]",[],0.0
62,27,['13:06:58'],"(442846.70466970664, 4424230.887350464)","LINESTRING (443829.1451362414 4424230.849676958, 443572.0330294725 4424229.408954068, 443507.5905837661 4424229.054123106, 443388.43391380284 4424228.39588788, 442707.6862620568 4424231.942664461, 442379.17625523056 4424221.99995018, 442288.90211035666 4424217.732868178)",1765144966,35868040,1540.5103179791502,"[(443829.1451362414, 4424230.849676958), (443572.0330294725, 4424229.408954068), (443507.5905837661, 4424229.054123106), (443388.43391380284, 4424228.39588788), (442707.6862620568, 4424231.942664461), (442379.17625523056, 4424221.99995018), (442288.90211035666, 4424217.732868178)]","[443829.1451362414, 4424230.849676958]","[442288.90211035666, 4424217.732868178]",[],0.0
63,27,['13:07:01'],"(442797.5925422532, 4424230.512314698)","LINESTRING (443829.1451362414 4424230.849676958, 443572.0330294725 4424229.408954068, 443507.5905837661 4424229.054123106, 443388.43391380284 4424228.39588788, 442707.6862620568 4424231.942664461, 442379.17625523056 4424221.99995018, 442288.90211035666 4424217.732868178)",1765144966,35868040,1540.5103179791502,"[(443829.1451362414, 4424230.849676958), (443572.0330294725, 4424229.408954068), (443507.5905837661, 4424229.054123106), (443388.43391380284, 4424228.39588788), (442707.6862620568, 4424231.942664461), (442379.17625523056, 4424221.99995018), (442288.90211035666, 4424217.732868178)]","[443829.1451362414, 4424230.849676958]","[442288.90211035666, 4424217.732868178]",[],0.0
64,27,['13:07:04'],"(442747.3459663965, 4424230.334817088)","LINESTRING (443829.1451362414 4424230.849676958, 443572.0330294725 4424229.408954068, 443507.5905837661 4424229.054123106, 443388.43391380284 4424228.39588788, 442707.6862620568 4424231.942664461, 442379.17625523056 4424221.99995018, 442288.90211035666 4424217.732868178)",1765144966,35868040,1540.5103179791502,"[(443829.1451362414, 4424230.849676958), (443572.0330294725, 4424229.408954068), (443507.5905837661, 4424229.054123106), (443388.43391380284, 4424228.39588788), (442707.6862620568, 4424231.942664461), (442379.17625523056, 4424221.99995018), (442288.90211035666, 4424217.732868178)]","[443829.1451362414, 4424230.849676958]","[442288.90211035666, 4424217.732868178]",[],0.0
65,27,['13:07:07'],"(442696.37364987645, 4424229.053138312)","LINESTRING (443829.1451362414 4424230.849676958, 443572.0330294725 4424229.408954068, 443507.5905837661 4424229.054123106, 443388.43391380284 4424228.39588788, 442707.6862620568 4424231.942664461, 442379.17625523056 4424221.99995018, 442288.90211035666 4424217.732868178)",1765144966,35868040,1540.5103179791502,"[(443829.1451362414, 4424230.849676958), (443572.0330294725, 4424229.408954068), (443507.5905837661, 4424229.054123106), (443388.43391380284, 4424228.39588788), (442707.6862620568, 4424231.942664461), (442379.17625523056, 4424221.99995018), (442288.90211035666, 4424217.732868178)]","[443829.1451362414, 4424230.849676958]","[442288.90211035666, 4424217.732868178]",[],0.0
66,27,['13:07:10'],"(442526.3957651976, 4424226.82621508)","LINESTRING (443829.1451362414 4424230.849676958, 443572.0330294725 4424229.408954068, 443507.5905837661 4424229.054123106, 443388.43391380284 4424228.39588788, 442707.6862620568 4424231.942664461, 442379.17625523056 4424221.99995018, 442288.90211035666 4424217.732868178)",1765144966,35868040,1540.5103179791502,"[(443829.1451362414, 4424230.849676958), (443572.0330294725, 4424229.408954068), (443507.5905837661, 4424229.054123106), (443388.43391380284, 4424228.39588788), (442707.6862620568, 4424231.942664461), (442379.17625523056, 4424221.99995018), (442288.90211035666, 4424217.732868178)]","[443829.1451362414, 4424230.849676958]","[442288.90211035666, 4424217.732868178]",[],0.0
67,27,['13:07:20'],"(442482.82778268785, 4424225.490101723)","LINESTRING (443829.1451362414 4424230.849676958, 443572.0330294725 4424229.408954068, 443507.5905837661 4424229.054123106, 443388.43391380284 4424228.39588788, 442707.6862620568 4424231.942664461, 442379.17625523056 4424221.99995018, 442288.90211035666 4424217.732868178)",1765144966,35868040,1540.5103179791502,"[(443829.1451362414, 4424230.849676958), (443572.0330294725, 4424229.408954068), (443507.5905837661, 4424229.054123106), (443388.43391380284, 4424228.39588788), (442707.6862620568, 4424231.942664461), (442379.17625523056, 4424221.99995018), (442288.90211035666, 4424217.732868178)]","[443829.1451362414, 4424230.849676958]","[442288.90211035666, 4424217.732868178]",[],0.0
68,27,['13:07:23'],"(442442.1051195336, 4424224.32143262)","LINESTRING (443829.1451362414 4424230.849676958, 443572.0330294725 4424229.408954068, 443507.5905837661 4424229.054123106, 443388.43391380284 4424228.39588788, 442707.6862620568 4424231.942664461, 442379.17625523056 4424221.99995018, 442288.90211035666 4424217.732868178)",1765144966,35868040,1540.5103179791502,"[(443829.1451362414, 4424230.849676958), (443572.0330294725, 4424229.408954068), (443507.5905837661, 4424229.054123106), (443388.43391380284, 4424228.39588788), (442707.6862620568, 4424231.942664461), (442379.17625523056, 4424221.99995018), (442288.90211035666, 4424217.732868178)]","[443829.1451362414, 4424230.849676958]","[442288.90211035666, 4424217.732868178]",[],0.0
69,27,['13:07:26'],"(442400.2451555964, 4424222.972885269)","LINESTRING (443829.1451362414 4424230.849676958, 443572.0330294725 4424229.408954068, 443507.5905837661 4424229.054123106, 443388.43391380284 4424228.39588788, 442707.6862620568 4424231.942664461, 442379.17625523056 4424221.99995018, 442288.90211035666 4424217.732868178)",1765144966,35868040,1540.5103179791502,"[(443829.1451362414, 4424230.849676958), (443572.0330294725, 4424229.408954068), (443507.5905837661, 4424229.054123106), (443388.43391380284, 4424228.39588788), (442707.6862620568, 4424231.942664461), (442379.17625523056, 4424221.99995018), (442288.90211035666, 4424217.732868178)]","[443829.1451362414, 4424230.849676958]","[442288.90211035666, 4424217.732868178]",[],0.0
70,27,['13:07:29'],"(442357.95387500274, 4424221.061745273)","LINESTRING (443829.1451362414 4424230.849676958, 443572.0330294725 4424229.408954068, 443507.5905837661 4424229.054123106, 443388.43391380284 4424228.39588788, 442707.6862620568 4424231.942664461, 442379.17625523056 4424221.99995018, 442288.90211035666 4424217.732868178)",1765144966,35868040,1540.5103179791502,"[(443829.1451362414, 4424230.849676958), (443572.0330294725, 4424229.408954068), (443507.5905837661, 4424229.054123106), (443388.43391380284, 4424228.39588788), (442707.6862620568, 4424231.942664461), (442379.17625523056, 4424221.99995018), (442288.90211035666, 4424217.732868178)]","[443829.1451362414, 4424230.849676958]","[442288.90211035666, 4424217.732868178]",[],0.0
71,27,['13:07:32'],"(442317.5229553456, 4424220.080229043)","LINESTRING (443829.1451362414 4424230.849676958, 443572.0330294725 4424229.408954068, 443507.5905837661 4424229.054123106, 443388.43391380284 4424228.39588788, 442707.6862620568 4424231.942664461, 442379.17625523056 4424221.99995018, 442288.90211035666 4424217.732868178)",1765144966,35868040,1540.5103179791502,"[(443829.1451362414, 4424230.849676958), (443572.0330294725, 4424229.408954068), (443507.5905837661, 4424229.054123106), (443388.43391380284, 4424228.39588788), (442707.6862620568, 4424231.942664461), (442379.17625523056, 4424221.99995018), (442288.90211035666, 4424217.732868178)]","[443829.1451362414, 4424230.849676958]","[442288.90211035666, 4424217.732868178]",[],0.0
72,27,['13:07:35'],"(442283.20678370603, 4424219.041494064)","LINESTRING (443829.1451362414 4424230.849676958, 443572.0330294725 4424229.408954068, 443507.5905837661 4424229.054123106, 443388.43391380284 4424228.39588788, 442707.6862620568 4424231.942664461, 442379.17625523056 4424221.99995018, 442288.90211035666 4424217.732868178)",1765144966,35868040,1540.5103179791502,"[(443829.1451362414, 4424230.849676958), (443572.0330294725, 4424229.408954068), (443507.5905837661, 4424229.054123106), (443388.43391380284, 4424228.39588788), (442707.6862620568, 4424231.942664461), (442379.17625523056, 4424221.99995018), (442288.90211035666, 4424217.732868178)]","[443829.1451362414, 4424230.849676958]","[442288.90211035666, 4424217.732868178]","[1765144966, 35868040]",0.0
73,28,['13:07:38'],"(442259.2266707996, 4424210.343442001)","LINESTRING (442288.90211035666 4424217.732868178, 442112.7605484621 4424211.454963868)",35868040,1634274090,176.25340254640292,"[(442288.90211035666, 4424217.732868178), (442112.7605484621, 4424211.454963868)]","[442288.90211035666, 4424217.732868178]","[442112.7605484621, 4424211.454963868]",[],0.0
74,28,['13:07:41'],"(442229.621664735, 4424211.12289333)","LINESTRING (442288.90211035666 4424217.732868178, 442112.7605484621 4424211.454963868)",35868040,1634274090,176.25340254640292,"[(442288.90211035666, 4424217.732868178), (442112.7605484621, 4424211.454963868)]","[442288.90211035666, 4424217.732868178]","[442112.7605484621, 4424211.454963868]",[],0.0
75,28,['13:07:44'],"(442202.14065521245, 4424209.300105856)","LINESTRING (442288.90211035666 4424217.732868178, 442112.7605484621 4424211.454963868)",35868040,1634274090,176.25340254640292,"[(442288.90211035666, 4424217.732868178), (442112.7605484621, 4424211.454963868)]","[442288.90211035666, 4424217.732868178]","[442112.7605484621, 4424211.454963868]",[],0.0
76,28,['13:07:47'],"(442181.75530593726, 4424206.1248876555)","LINESTRING (442288.90211035666 4424217.732868178, 442112.7605484621 4424211.454963868)",35868040,1634274090,176.25340254640292,"[(442288.90211035666, 4424217.732868178), (442112.7605484621, 4424211.454963868)]","[442288.90211035666, 4424217.732868178]","[442112.7605484621, 4424211.454963868]",[],0.0
77,28,['13:07:50'],"(442152.55912239564, 4424203.382919537)","LINESTRING (442288.90211035666 4424217.732868178, 442112.7605484621 4424211.454963868)",35868040,1634274090,176.25340254640292,"[(442288.90211035666, 4424217.732868178), (442112.7605484621, 4424211.454963868)]","[442288.90211035666, 4424217.732868178]","[442112.7605484621, 4424211.454963868]",[],0.0
78,28,['13:07:53'],"(442116.57703161426, 4424207.918551758)","LINESTRING (442288.90211035666 4424217.732868178, 442112.7605484621 4424211.454963868)",35868040,1634274090,176.25340254640292,"[(442288.90211035666, 4424217.732868178), (442112.7605484621, 4424211.454963868)]","[442288.90211035666, 4424217.732868178]","[442112.7605484621, 4424211.454963868]",[],0.0
79,28,['13:07:56'],"(442082.43126309477, 4424210.209345542)","LINESTRING (442288.90211035666 4424217.732868178, 442112.7605484621 4424211.454963868)",35868040,1634274090,176.25340254640292,"[(442288.90211035666, 4424217.732868178), (442112.7605484621, 4424211.454963868)]","[442288.90211035666, 4424217.732868178]","[442112.7605484621, 4424211.454963868]","[35868040, 1634274090]",0.0
80,30,['13:07:59'],"(442048.1263222675, 4424209.537873919)","LINESTRING (442112.7605484621 4424211.454963868, 441975.5486440202 4424204.196305593)",1634274090,35868883,137.40376574359541,"[(442112.7605484621, 4424211.454963868), (441975.5486440202, 4424204.196305593)]","[442112.7605484621, 4424211.454963868]","[441975.5486440202, 4424204.196305593]",[],0.0
81,30,['13:08:02'],"(442011.3874706577, 4424208.896184319)","LINESTRING (442112.7605484621 4424211.454963868, 441975.5486440202 4424204.196305593)",1634274090,35868883,137.40376574359541,"[(442112.7605484621, 4424211.454963868), (441975.5486440202, 4424204.196305593)]","[442112.7605484621, 4424211.454963868]","[441975.5486440202, 4424204.196305593]",[],0.0
82,30,['13:08:05'],"(441976.21444703883, 4424206.389088012)","LINESTRING (442112.7605484621 4424211.454963868, 441975.5486440202 4424204.196305593)",1634274090,35868883,137.40376574359541,"[(442112.7605484621, 4424211.454963868), (441975.5486440202, 4424204.196305593)]","[442112.7605484621, 4424211.454963868]","[441975.5486440202, 4424204.196305593]",[],0.0
83,30,['13:08:08'],"(441942.46898605285, 4424205.1699427515)","LINESTRING (442112.7605484621 4424211.454963868, 441975.5486440202 4424204.196305593)",1634274090,35868883,137.40376574359541,"[(442112.7605484621, 4424211.454963868), (441975.5486440202, 4424204.196305593)]","[442112.7605484621, 4424211.454963868]","[441975.5486440202, 4424204.196305593]","[1634274090, 35868883]",0.0
84,31,['13:08:11'],"(441907.74401720526, 4424206.544656145)","LINESTRING (441975.5486440202 4424204.196305593, 441908.051841594 4424211.070897108, 441659.859243653 4424202.556129886, 441603.7591618686 4424204.262461393)",35868883,294118747,372.31062890675275,"[(441975.5486440202, 4424204.196305593), (441908.051841594, 4424211.070897108), (441659.859243653, 4424202.556129886), (441603.7591618686, 4424204.262461393)]","[441975.5486440202, 4424204.196305593]","[441603.7591618686, 4424204.262461393]",[],0.0
85,31,['13:08:14'],"(441873.447583997, 4424206.994979462)","LINESTRING (441975.5486440202 4424204.196305593, 441908.051841594 4424211.070897108, 441659.859243653 4424202.556129886, 441603.7591618686 4424204.262461393)",35868883,294118747,372.31062890675275,"[(441975.5486440202, 4424204.196305593), (441908.051841594, 4424211.070897108), (441659.859243653, 4424202.556129886), (441603.7591618686, 4424204.262461393)]","[441975.5486440202, 4424204.196305593]","[441603.7591618686, 4424204.262461393]",[],0.0
86,31,['13:08:17'],"(441847.26149540435, 4424208.116120616)","LINESTRING (441975.5486440202 4424204.196305593, 441908.051841594 4424211.070897108, 441659.859243653 4424202.556129886, 441603.7591618686 4424204.262461393)",35868883,294118747,372.31062890675275,"[(441975.5486440202, 4424204.196305593), (441908.051841594, 4424211.070897108), (441659.859243653, 4424202.556129886), (441603.7591618686, 4424204.262461393)]","[441975.5486440202, 4424204.196305593]","[441603.7591618686, 4424204.262461393]",[],0.0
87,31,['13:08:20'],"(441831.0377109952, 4424208.606283643)","LINESTRING (441975.5486440202 4424204.196305593, 441908.051841594 4424211.070897108, 441659.859243653 4424202.556129886, 441603.7591618686 4424204.262461393)",35868883,294118747,372.31062890675275,"[(441975.5486440202, 4424204.196305593), (441908.051841594, 4424211.070897108), (441659.859243653, 4424202.556129886), (441603.7591618686, 4424204.262461393)]","[441975.5486440202, 4424204.196305593]","[441603.7591618686, 4424204.262461393]",[],0.0
88,31,['13:08:23'],"(441814.22197386995, 4424206.514762679)","LINESTRING (441975.5486440202 4424204.196305593, 441908.051841594 4424211.070897108, 441659.859243653 4424202.556129886, 441603.7591618686 4424204.262461393)",35868883,294118747,372.31062890675275,"[(441975.5486440202, 4424204.196305593), (441908.051841594, 4424211.070897108), (441659.859243653, 4424202.556129886), (441603.7591618686, 4424204.262461393)]","[441975.5486440202, 4424204.196305593]","[441603.7591618686, 4424204.262461393]",[],0.0
89,31,['13:08:26'],"(441794.28191487544, 4424204.635846799)","LINESTRING (441975.5486440202 4424204.196305593, 441908.051841594 4424211.070897108, 441659.859243653 4424202.556129886, 441603.7591618686 4424204.262461393)",35868883,294118747,372.31062890675275,"[(441975.5486440202, 4424204.196305593), (441908.051841594, 4424211.070897108), (441659.859243653, 4424202.556129886), (441603.7591618686, 4424204.262461393)]","[441975.5486440202, 4424204.196305593]","[441603.7591618686, 4424204.262461393]",[],0.0
90,31,['13:08:29'],"(441768.10430947435, 4424206.867169694)","LINESTRING (441975.5486440202 4424204.196305593, 441908.051841594 4424211.070897108, 441659.859243653 4424202.556129886, 441603.7591618686 4424204.262461393)",35868883,294118747,372.31062890675275,"[(441975.5486440202, 4424204.196305593), (441908.051841594, 4424211.070897108), (441659.859243653, 4424202.556129886), (441603.7591618686, 4424204.262461393)]","[441975.5486440202, 4424204.196305593]","[441603.7591618686, 4424204.262461393]",[],0.0
91,31,['13:08:32'],"(441737.23243571323, 4424209.511877112)","LINESTRING (441975.5486440202 4424204.196305593, 441908.051841594 4424211.070897108, 441659.859243653 4424202.556129886, 441603.7591618686 4424204.262461393)",35868883,294118747,372.31062890675275,"[(441975.5486440202, 4424204.196305593), (441908.051841594, 4424211.070897108), (441659.859243653, 4424202.556129886), (441603.7591618686, 4424204.262461393)]","[441975.5486440202, 4424204.196305593]","[441603.7591618686, 4424204.262461393]","[35868883, 294118747]",0.0
92,210,['13:08:35'],"(441705.91653996403, 4424208.819084388)","LINESTRING (441768.5613342157 4424213.023928429, 441727.4583210453 4424211.295896408, 441697.98305930063 4424210.0562682375, 441691.05423771596 4424209.765210479, 441603.7591618686 4424204.262461393)",5238912699,294118747,165.0439113002617,"[(441768.5613342157, 4424213.023928429), (441727.4583210453, 4424211.295896408), (441697.98305930063, 4424210.0562682375), (441691.05423771596, 4424209.765210479), (441603.7591618686, 4424204.262461393)]","[441768.5613342157, 4424213.023928429]","[441603.7591618686, 4424204.262461393]",[],0.0
93,210,['13:08:38'],"(441677.179767105, 4424211.447696751)","LINESTRING (441768.5613342157 4424213.023928429, 441727.4583210453 4424211.295896408, 441697.98305930063 4424210.0562682375, 441691.05423771596 4424209.765210479, 441603.7591618686 4424204.262461393)",5238912699,294118747,165.0439113002617,"[(441768.5613342157, 4424213.023928429), (441727.4583210453, 4424211.295896408), (441697.98305930063, 4424210.0562682375), (441691.05423771596, 4424209.765210479), (441603.7591618686, 4424204.262461393)]","[441768.5613342157, 4424213.023928429]","[441603.7591618686, 4424204.262461393]",[],0.0
94,210,['13:08:41'],"(441651.69698288833, 4424210.721567989)","LINESTRING (441768.5613342157 4424213.023928429, 441727.4583210453 4424211.295896408, 441697.98305930063 4424210.0562682375, 441691.05423771596 4424209.765210479, 441603.7591618686 4424204.262461393)",5238912699,294118747,165.0439113002617,"[(441768.5613342157, 4424213.023928429), (441727.4583210453, 4424211.295896408), (441697.98305930063, 4424210.0562682375), (441691.05423771596, 4424209.765210479), (441603.7591618686, 4424204.262461393)]","[441768.5613342157, 4424213.023928429]","[441603.7591618686, 4424204.262461393]",[],0.0
95,210,['13:08:44'],"(441625.9223758865, 4424209.809064931)","LINESTRING (441768.5613342157 4424213.023928429, 441727.4583210453 4424211.295896408, 441697.98305930063 4424210.0562682375, 441691.05423771596 4424209.765210479, 441603.7591618686 4424204.262461393)",5238912699,294118747,165.0439113002617,"[(441768.5613342157, 4424213.023928429), (441727.4583210453, 4424211.295896408), (441697.98305930063, 4424210.0562682375), (441691.05423771596, 4424209.765210479), (441603.7591618686, 4424204.262461393)]","[441768.5613342157, 4424213.023928429]","[441603.7591618686, 4424204.262461393]",[],0.0
96,210,['13:08:47'],"(441598.85539741185, 4424207.430290488)","LINESTRING (441768.5613342157 4424213.023928429, 441727.4583210453 4424211.295896408, 441697.98305930063 4424210.0562682375, 441691.05423771596 4424209.765210479, 441603.7591618686 4424204.262461393)",5238912699,294118747,165.0439113002617,"[(441768.5613342157, 4424213.023928429), (441727.4583210453, 4424211.295896408), (441697.98305930063, 4424210.0562682375), (441691.05423771596, 4424209.765210479), (441603.7591618686, 4424204.262461393)]","[441768.5613342157, 4424213.023928429]","[441603.7591618686, 4424204.262461393]","[5238912699, 294118747]",0.0
97,33,['13:08:50'],"(441577.9400657215, 4424208.689546437)","LINESTRING (441603.7591618686 4424204.262461393, 441579.72935843724 4424201.449781121)",294118747,4217203244,24.193855072403608,"[(441603.7591618686, 4424204.262461393), (441579.72935843724, 4424201.449781121)]","[441603.7591618686, 4424204.262461393]","[441579.72935843724, 4424201.449781121]",[],0.0
98,33,['13:08:53'],"(441565.41571616585, 4424208.230624366)","LINESTRING (441603.7591618686 4424204.262461393, 441579.72935843724 4424201.449781121)",294118747,4217203244,24.193855072403608,"[(441603.7591618686, 4424204.262461393), (441579.72935843724, 4424201.449781121)]","[441603.7591618686, 4424204.262461393]","[441579.72935843724, 4424201.449781121]",[],0.0
99,33,['13:08:56'],"(441557.57863240264, 4424207.558164051)","LINESTRING (441603.7591618686 4424204.262461393, 441579.72935843724 4424201.449781121)",294118747,4217203244,24.193855072403608,"[(441603.7591618686, 4424204.262461393), (441579.72935843724, 4424201.449781121)]","[441603.7591618686, 4424204.262461393]","[441579.72935843724, 4424201.449781121]",[],0.0
100,33,['13:08:59'],"(441549.30882545, 4424206.145348871)","LINESTRING (441603.7591618686 4424204.262461393, 441579.72935843724 4424201.449781121)",294118747,4217203244,24.193855072403608,"[(441603.7591618686, 4424204.262461393), (441579.72935843724, 4424201.449781121)]","[441603.7591618686, 4424204.262461393]","[441579.72935843724, 4424201.449781121]",[],0.0
101,33,['13:09:04'],"(441540.7542888636, 4424204.357336204)","LINESTRING (441603.7591618686 4424204.262461393, 441579.72935843724 4424201.449781121)",294118747,4217203244,24.193855072403608,"[(441603.7591618686, 4424204.262461393), (441579.72935843724, 4424201.449781121)]","[441603.7591618686, 4424204.262461393]","[441579.72935843724, 4424201.449781121]",[],0.0
102,33,['13:09:09'],"(441384.069615366, 4424468.070653517)","LINESTRING (441603.7591618686 4424204.262461393, 441579.72935843724 4424201.449781121)",294118747,4217203244,24.193855072403608,"[(441603.7591618686, 4424204.262461393), (441579.72935843724, 4424201.449781121)]","[441603.7591618686, 4424204.262461393]","[441579.72935843724, 4424201.449781121]","[294118747, 4217203244]",0.0
103,854,['13:13:09'],"(441162.94509370154, 4424495.493696611)","LINESTRING (441168.0406928581 4424493.989061751, 441289.754131543 4424505.4261572175, 441304.5368359099 4424505.312226039, 441316.01142126805 4424498.16436202, 441328.32016390003 4424485.1050173035, 441333.57715315174 4424476.828502351, 441335.6128651198 4424469.464781538)",2843205531,1779334550,185.9422170817217,"[(441168.0406928581, 4424493.989061751), (441289.754131543, 4424505.4261572175), (441304.5368359099, 4424505.312226039), (441316.01142126805, 4424498.16436202), (441328.32016390003, 4424485.1050173035), (441333.57715315174, 4424476.828502351), (441335.6128651198, 4424469.464781538)]","[441168.0406928581, 4424493.989061751]","[441335.6128651198, 4424469.464781538]","[2843205531, 1779334550]",0.0
104,853,['13:17:10'],"(440938.15685523243, 4424474.290196774)","LINESTRING (441168.0406928581 4424493.989061751, 441046.6315086941 4424483.295233817)",2843205531,2843205543,121.87923512750879,"[(441168.0406928581, 4424493.989061751), (441046.6315086941, 4424483.295233817)]","[441168.0406928581, 4424493.989061751]","[441046.6315086941, 4424483.295233817]","[2843205531, 2843205543]",0.0
105,897,['13:21:10'],"(440936.15842421615, 4424473.195715929)","LINESTRING (441046.6315086941 4424483.295233817, 440967.947747195 4424476.689793072)",2843205543,5100333275,78.96053552933414,"[(441046.6315086941, 4424483.295233817), (440967.947747195, 4424476.689793072)]","[441046.6315086941, 4424483.295233817]","[440967.947747195, 4424476.689793072]","[2843205543, 5100333275]",0.0
106,916,['13:21:15'],"(440933.4568515095, 4424472.839273167)","LINESTRING (440967.947747195 4424476.689793072, 440900.8773051163 4424470.971825944)",5100333275,2843205541,67.3137381870132,"[(440967.947747195, 4424476.689793072), (440900.8773051163, 4424470.971825944)]","[440967.947747195, 4424476.689793072]","[440900.8773051163, 4424470.971825944]",[],0.0
107,916,['13:21:20'],"(440930.5901963068, 4424471.018941719)","LINESTRING (440967.947747195 4424476.689793072, 440900.8773051163 4424470.971825944)",5100333275,2843205541,67.3137381870132,"[(440967.947747195, 4424476.689793072), (440900.8773051163, 4424470.971825944)]","[440967.947747195, 4424476.689793072]","[440900.8773051163, 4424470.971825944]",[],0.0
108,916,['13:21:25'],"(440923.3268729333, 4424470.520284358)","LINESTRING (440967.947747195 4424476.689793072, 440900.8773051163 4424470.971825944)",5100333275,2843205541,67.3137381870132,"[(440967.947747195, 4424476.689793072), (440900.8773051163, 4424470.971825944)]","[440967.947747195, 4424476.689793072]","[440900.8773051163, 4424470.971825944]",[],0.0
109,916,['13:21:30'],"(440916.92185558775, 4424470.569964679)","LINESTRING (440967.947747195 4424476.689793072, 440900.8773051163 4424470.971825944)",5100333275,2843205541,67.3137381870132,"[(440967.947747195, 4424476.689793072), (440900.8773051163, 4424470.971825944)]","[440967.947747195, 4424476.689793072]","[440900.8773051163, 4424470.971825944]",[],0.0
110,916,['13:21:35'],"(440912.07535738114, 4424470.05257136)","LINESTRING (440967.947747195 4424476.689793072, 440900.8773051163 4424470.971825944)",5100333275,2843205541,67.3137381870132,"[(440967.947747195, 4424476.689793072), (440900.8773051163, 4424470.971825944)]","[440967.947747195, 4424476.689793072]","[440900.8773051163, 4424470.971825944]",[],0.0
111,916,['13:21:40'],"(440906.66805845784, 4424469.905824403)","LINESTRING (440967.947747195 4424476.689793072, 440900.8773051163 4424470.971825944)",5100333275,2843205541,67.3137381870132,"[(440967.947747195, 4424476.689793072), (440900.8773051163, 4424470.971825944)]","[440967.947747195, 4424476.689793072]","[440900.8773051163, 4424470.971825944]",[],0.0
112,916,['13:21:45'],"(440899.9840615757, 4424470.323975844)","LINESTRING (440967.947747195 4424476.689793072, 440900.8773051163 4424470.971825944)",5100333275,2843205541,67.3137381870132,"[(440967.947747195, 4424476.689793072), (440900.8773051163, 4424470.971825944)]","[440967.947747195, 4424476.689793072]","[440900.8773051163, 4424470.971825944]","[5100333275, 2843205541]",0.0
113,913,['13:21:50'],"(440784.7012026978, 4424563.358586043)","LINESTRING (440900.8773051163 4424470.971825944, 440812.3026998139 4424463.190462845)",2843205541,2843205547,88.91574841469725,"[(440900.8773051163, 4424470.971825944), (440812.3026998139, 4424463.190462845)]","[440900.8773051163, 4424470.971825944]","[440812.3026998139, 4424463.190462845]","[2843205541, 2843205547]",0.0
114,902,['13:25:50'],"(440784.7012026978, 4424563.358586043)","LINESTRING (440790.1212996539 4424461.886587931, 440780.7967231622 4424559.870207123)",2843205540,2843205545,98.42630419168145,"[(440790.1212996539, 4424461.886587931), (440780.7967231622, 4424559.870207123)]","[440790.1212996539, 4424461.886587931]","[440780.7967231622, 4424559.870207123]","[2843205540, 2843205545]",0.0
